{"properties":{"connectionReferences":{"shared_commondataserviceforapps":{"runtimeSource":"embedded","connection":{"connectionReferenceLogicalName":"crbf0_sharedcommondataserviceforapps_e8150"},"api":{"name":"shared_commondataserviceforapps"}}},"definition":{"$schema":"https://schema.management.azure.com/providers/Microsoft.Logic/schemas/2016-06-01/workflowdefinition.json#","contentVersion":"1.0.0.0","parameters":{"$connections":{"defaultValue":{},"type":"Object"},"$authentication":{"defaultValue":{},"type":"SecureObject"}},"triggers":{"When_a_row_is_added,_modified_or_deleted":{"metadata":{"operationMetadataId":"0fe60244-7a58-4b7d-bb5e-68a21729ec40"},"type":"OpenApiConnectionWebhook","inputs":{"host":{"connectionName":"shared_commondataserviceforapps","operationId":"SubscribeWebhookTrigger","apiId":"/providers/Microsoft.PowerApps/apis/shared_commondataserviceforapps"},"parameters":{"subscriptionRequest/message":4,"subscriptionRequest/entityname":"crbf0_customerorder","subscriptionRequest/scope":4},"authentication":"@parameters('$authentication')"}}},"actions":{"Get_a_row_by_ID":{"runAfter":{},"metadata":{"operationMetadataId":"ae1dc1f3-228f-4658-977e-aa87473c4dec"},"type":"OpenApiConnection","inputs":{"host":{"connectionName":"shared_commondataserviceforapps","operationId":"GetItem","apiId":"/providers/Microsoft.PowerApps/apis/shared_commondataserviceforapps"},"parameters":{"entityName":"crbf0_productcatalogs","recordId":"@triggerOutputs()?['body/_crbf0_product_value']"},"authentication":"@parameters('$authentication')"}},"Update_a_row":{"runAfter":{"Get_a_row_by_ID":["Succeeded"]},"metadata":{"operationMetadataId":"8bdc23a7-1817-425a-80fe-d52e967996bf"},"type":"OpenApiConnection","inputs":{"host":{"connectionName":"shared_commondataserviceforapps","operationId":"UpdateRecord","apiId":"/providers/Microsoft.PowerApps/apis/shared_commondataserviceforapps"},"parameters":{"entityName":"crbf0_customerorders","recordId":"@triggerOutputs()?['body/crbf0_customerorderid']","item/crbf0_productprice":"@outputs('Get_a_row_by_ID')?['body/crbf0_productprice']"},"authentication":"@parameters('$authentication')"}}}}},"schemaVersion":"1.0.0.0"}