<ImportExportXml version="9.2.22015.131" SolutionPackageVersion="9.2" languagecode="1033" generatedBy="CrmLive" xmlns:xsi="http://www.w3.org/2001/XMLSchema-instance">
  <SolutionManifest>
    <UniqueName>P2DomainGame</UniqueName>
    <LocalizedNames>
      <LocalizedName description="P3 - Domain Game" languagecode="1033" />
    </LocalizedNames>
    <Descriptions />
    <Version>1.0.0.2</Version>
    <Managed>0</Managed>
    <Publisher>
      <UniqueName>Cr63091</UniqueName>
      <LocalizedNames>
        <LocalizedName description="CDS Default Publisher" languagecode="1033" />
      </LocalizedNames>
      <Descriptions />
      <EMailAddress xsi:nil="true"></EMailAddress>
      <SupportingWebsiteUrl xsi:nil="true"></SupportingWebsiteUrl>
      <CustomizationPrefix>crbf0</CustomizationPrefix>
      <CustomizationOptionValuePrefix>58758</CustomizationOptionValuePrefix>
      <Addresses>
        <Address>
          <AddressNumber>1</AddressNumber>
          <AddressTypeCode xsi:nil="true"></AddressTypeCode>
          <City xsi:nil="true"></City>
          <County xsi:nil="true"></County>
          <Country xsi:nil="true"></Country>
          <Fax xsi:nil="true"></Fax>
          <FreightTermsCode xsi:nil="true"></FreightTermsCode>
          <ImportSequenceNumber xsi:nil="true"></ImportSequenceNumber>
          <Latitude xsi:nil="true"></Latitude>
          <Line1 xsi:nil="true"></Line1>
          <Line2 xsi:nil="true"></Line2>
          <Line3 xsi:nil="true"></Line3>
          <Longitude xsi:nil="true"></Longitude>
          <Name xsi:nil="true"></Name>
          <PostalCode xsi:nil="true"></PostalCode>
          <PostOfficeBox xsi:nil="true"></PostOfficeBox>
          <PrimaryContactName xsi:nil="true"></PrimaryContactName>
          <ShippingMethodCode xsi:nil="true"></ShippingMethodCode>
          <StateOrProvince xsi:nil="true"></StateOrProvince>
          <Telephone1 xsi:nil="true"></Telephone1>
          <Telephone2 xsi:nil="true"></Telephone2>
          <Telephone3 xsi:nil="true"></Telephone3>
          <TimeZoneRuleVersionNumber xsi:nil="true"></TimeZoneRuleVersionNumber>
          <UPSZone xsi:nil="true"></UPSZone>
          <UTCOffset xsi:nil="true"></UTCOffset>
          <UTCConversionTimeZoneCode xsi:nil="true"></UTCConversionTimeZoneCode>
        </Address>
        <Address>
          <AddressNumber>2</AddressNumber>
          <AddressTypeCode xsi:nil="true"></AddressTypeCode>
          <City xsi:nil="true"></City>
          <County xsi:nil="true"></County>
          <Country xsi:nil="true"></Country>
          <Fax xsi:nil="true"></Fax>
          <FreightTermsCode xsi:nil="true"></FreightTermsCode>
          <ImportSequenceNumber xsi:nil="true"></ImportSequenceNumber>
          <Latitude xsi:nil="true"></Latitude>
          <Line1 xsi:nil="true"></Line1>
          <Line2 xsi:nil="true"></Line2>
          <Line3 xsi:nil="true"></Line3>
          <Longitude xsi:nil="true"></Longitude>
          <Name xsi:nil="true"></Name>
          <PostalCode xsi:nil="true"></PostalCode>
          <PostOfficeBox xsi:nil="true"></PostOfficeBox>
          <PrimaryContactName xsi:nil="true"></PrimaryContactName>
          <ShippingMethodCode xsi:nil="true"></ShippingMethodCode>
          <StateOrProvince xsi:nil="true"></StateOrProvince>
          <Telephone1 xsi:nil="true"></Telephone1>
          <Telephone2 xsi:nil="true"></Telephone2>
          <Telephone3 xsi:nil="true"></Telephone3>
          <TimeZoneRuleVersionNumber xsi:nil="true"></TimeZoneRuleVersionNumber>
          <UPSZone xsi:nil="true"></UPSZone>
          <UTCOffset xsi:nil="true"></UTCOffset>
          <UTCConversionTimeZoneCode xsi:nil="true"></UTCConversionTimeZoneCode>
        </Address>
      </Addresses>
    </Publisher>
    <RootComponents>
      <RootComponent type="1" schemaName="crbf0_business" behavior="0" />
      <RootComponent type="1" schemaName="crbf0_customerinfo" behavior="0" />
      <RootComponent type="1" schemaName="crbf0_customerorder" behavior="0" />
      <RootComponent type="1" schemaName="crbf0_feedback" behavior="0" />
      <RootComponent type="1" schemaName="crbf0_lead" behavior="0" />
      <RootComponent type="1" schemaName="crbf0_opportunity" behavior="0" />
      <RootComponent type="1" schemaName="crbf0_productcatalog" behavior="0" />
      <RootComponent type="1" schemaName="crbf0_useraccount" behavior="0" />
      <RootComponent type="1" schemaName="new_orderprocess" behavior="2" />
      <RootComponent type="9" schemaName="crbf0_orderdiscount" behavior="0" />
      <RootComponent type="29" id="{c073ac6f-948b-ec11-93b0-00224805baa3}" behavior="0" />
      <RootComponent type="29" id="{c3ad2879-dacc-44d5-971f-bb8ddca68e4c}" behavior="0" />
      <RootComponent type="29" id="{d6539bbe-eb90-ec11-b400-000d3a59e832}" behavior="0" />
      <RootComponent type="29" id="{eb31798d-f290-ec11-b400-000d3a59e832}" behavior="0" />
      <RootComponent type="29" id="{ebaa5be3-f190-ec11-b400-000d3a59e832}" behavior="0" />
      <RootComponent type="62" schemaName="crbf0_DomainGameMarketing" behavior="0" />
      <RootComponent type="62" schemaName="crbf0_P2DomainGame" behavior="0" />
      <RootComponent type="80" schemaName="crbf0_P2DomainGame" behavior="0" />
      <RootComponent type="300" schemaName="crbf0_landingpage_5c9dd" behavior="0" />
    </RootComponents>
    <MissingDependencies>
      <MissingDependency>
        <Required type="1" schemaName="new_leadtoopportunity" displayName="Lead To Opportunity" solution="Active" />
        <Dependent type="1" schemaName="crbf0_lead" displayName="Lead" />
      </MissingDependency>
      <MissingDependency>
        <Required type="1" schemaName="new_leadtoopportunity" displayName="Lead To Opportunity" solution="Active" />
        <Dependent type="1" schemaName="crbf0_opportunity" displayName="Opportunity" />
      </MissingDependency>
      <MissingDependency>
        <Required type="1" schemaName="new_leadtoopportunity" displayName="Lead To Opportunity" solution="Active" />
        <Dependent type="80" schemaName="crbf0_P2DomainGame" displayName="P3 - Domain Game" />
      </MissingDependency>
      <MissingDependency>
        <Required type="1" schemaName="new_orderprocess" displayName="Order Process" solution="Active" />
        <Dependent type="1" schemaName="new_orderprocess" displayName="Order Process" />
      </MissingDependency>
      <MissingDependency>
        <Required type="1" schemaName="new_saleslifecycle" displayName="Sales Life Cycle" solution="Active" />
        <Dependent type="1" schemaName="crbf0_useraccount" displayName="User Account" />
      </MissingDependency>
      <MissingDependency>
        <Required type="1" schemaName="new_saleslifecycle" displayName="Sales Life Cycle" solution="Active" />
        <Dependent type="80" schemaName="crbf0_P2DomainGame" displayName="P3 - Domain Game" />
      </MissingDependency>
      <MissingDependency>
        <Required type="1" schemaName="sample_challenge" displayName="Challenge" solution="InnovationHub (0.0.0.1)" />
        <Dependent type="80" schemaName="crbf0_P2DomainGame" displayName="P3 - Domain Game" />
      </MissingDependency>
      <MissingDependency>
        <Required type="1" schemaName="sample_challengemanagementprocess" displayName="Challenge Management Process" solution="InnovationHub (0.0.0.1)" />
        <Dependent type="80" schemaName="crbf0_P2DomainGame" displayName="P3 - Domain Game" />
      </MissingDependency>
      <MissingDependency>
        <Required type="29" displayName="Customer Creation" solution="Active" id="{37cf961c-f6b4-4463-af7c-eeb8ea42d097}" />
        <Dependent type="80" schemaName="crbf0_P2DomainGame" displayName="P3 - Domain Game" />
      </MissingDependency>
      <MissingDependency>
        <Required type="29" displayName="Lead To Opportunity" solution="Active" id="{416bcd25-5593-ec11-b400-0022480b06a8}" />
        <Dependent type="80" schemaName="crbf0_P2DomainGame" displayName="P3 - Domain Game" />
      </MissingDependency>
      <MissingDependency>
        <Required type="29" displayName="Order Process" solution="Active" id="{c3ad2879-dacc-44d5-971f-bb8ddca68e4c}" />
        <Dependent type="80" schemaName="crbf0_P2DomainGame" displayName="P3 - Domain Game" />
      </MissingDependency>
      <MissingDependency>
        <Required type="61" schemaName="msdyn_/Icons/AnalysisResult.svg" displayName="msdyn_/Icons/AnalysisResult.svg" solution="msdyn_PowerAppsChecker (1.2.0.170)">
          <package>msdyn_PowerAppsCheckerAnchor (1.2.0.170)</package>
        </Required>
        <Dependent type="62" schemaName="crbf0_P2DomainGame" />
      </MissingDependency>
      <MissingDependency>
        <Required type="61" schemaName="msdyn_/Images/AppModule_Default_Icon.png" displayName="msdyn_/Images/AppModule_Default_Icon.png" solution="AppModuleWebResources (2.5)" />
        <Dependent type="80" schemaName="crbf0_P2DomainGame" displayName="P3 - Domain Game" />
      </MissingDependency>
      <MissingDependency>
        <Required type="61" schemaName="sample_DonationsIcon" displayName="sample_DonationsIcon" solution="msdyn_SampleApp (1.0.0.4)" />
        <Dependent type="62" schemaName="crbf0_P2DomainGame" />
      </MissingDependency>
      <MissingDependency>
        <Required type="61" schemaName="sample_FundraiserIcon" displayName="sample_FundraiserIcon" solution="msdyn_SampleApp (1.0.0.4)" />
        <Dependent type="62" schemaName="crbf0_P2DomainGame" />
      </MissingDependency>
      <MissingDependency>
        <Required type="61" schemaName="sample_Idea" displayName="sample_Idea" solution="InnovationHub (0.0.0.1)" />
        <Dependent type="62" schemaName="crbf0_P2DomainGame" />
      </MissingDependency>
      <MissingDependency>
        <Required type="61" schemaName="sample_product_icon" displayName="sample_product_icon" solution="AssetCheckout (0.0.0.1)" />
        <Dependent type="62" schemaName="crbf0_P2DomainGame" />
      </MissingDependency>
      <MissingDependency>
        <Required type="61" schemaName="sample_review_icon" displayName="sample_review_icon" solution="AssetCheckout (0.0.0.1)" />
        <Dependent type="62" schemaName="crbf0_P2DomainGame" />
      </MissingDependency>
    </MissingDependencies>
  </SolutionManifest>
</ImportExportXml>